<?xml version="1.0" encoding="UTF-8" standalone="yes"?>
<addon id="repository.MJTV" name="MJTV" version="0.0.1" provider-name="MJVIDS">
	<extension point="xbmc.addon.repository" name="MJTV">
		<dir>
			<info compressed="false">https://raw.githubusercontent.com/totalrevolution/python-koding/master/zips/addons.xml</info>
			<checksum>https://raw.githubusercontent.com/totalrevolution/python-koding/master/zips/addons.xml.md5</checksum>
			<datadir zip="true">https://raw.githubusercontent.com/totalrevolution/python-koding/master/zips/</datadir>
		</dir>
		<info compressed="false">https://raw.githubusercontent.com/mjvids/repository.MJTV/master/zips/addons.xml</info>
		<checksum>https://raw.githubusercontent.com/mjvids/repository.MJTV/master/zips/addons.xml.md5</checksum>
		<datadir zip="true">https://raw.githubusercontent.com/mjvids/repository.MJTV/master/zips/</datadir>
	</extension>
	<extension point="xbmc.addon.metadata">
		<summary lang="en">Unlimited Michael Jackson Multimedia</summary>
		<description lang="en">Unlimited Michael Jackson Multimedia</description>
		<genre>music,uk</genre>
	</extension>
</addon>